entity_id,name,canonical,entity_type,context,source,source_url,crop,pathogen,folder_name
PV_0001,Apple Scab,apple scab,Disease,Fungal disease of apple caused by Venturia inaequalis. Produces olive-green to black lesions on leaves and fruit surface. Major cause of apple crop losses worldwide.,plantvillage,https://www.kaggle.com/datasets/abdallahalidev/plantvillage-dataset,apple,Venturia inaequalis,
PV_0001_V001,Apple Scab,apple scab,Disease,Fungal disease of apple caused by Venturia inaequalis. Produces olive-green to black lesions on leaves and fruit surface. Major cause of apple crop losses worldwide.,plantvillage,https://www.kaggle.com/datasets/abdallahalidev/plantvillage-dataset,apple,Venturia inaequalis,
PV_0001_V002,APPLE SCAB,apple scab,Disease,Fungal disease of apple caused by Venturia inaequalis. Produces olive-green to black lesions on leaves and fruit surface. Major cause of apple crop losses worldwide.,plantvillage,https://www.kaggle.com/datasets/abdallahalidev/plantvillage-dataset,apple,Venturia inaequalis,
PV_0001_V003,apple-scab,apple-scab,Disease,Fungal disease of apple caused by Venturia inaequalis. Produces olive-green to black lesions on leaves and fruit surface. Major cause of apple crop losses worldwide.,plantvillage,https://www.kaggle.com/datasets/abdallahalidev/plantvillage-dataset,apple,Venturia inaequalis,
PV_0001_V004,scab of apple,scab of apple,Disease,Fungal disease of apple caused by Venturia inaequalis. Produces olive-green to black lesions on leaves and fruit surface. Major cause of apple crop losses worldwide.,plantvillage,https://www.kaggle.com/datasets/abdallahalidev/plantvillage-dataset,apple,Venturia inaequalis,
PV_0001_V005,Venturia scab,venturia scab,Disease,Fungal disease of apple caused by Venturia inaequalis. Produces olive-green to black lesions on leaves and fruit surface. Major cause of apple crop losses worldwide.,plantvillage,https://www.kaggle.com/datasets/abdallahalidev/plantvillage-dataset,apple,Venturia inaequalis,
PV_0001_V006,apple scab disease,apple scab disease,Disease,Fungal disease of apple caused by Venturia inaequalis. Produces olive-green to black lesions on leaves and fruit surface. Major cause of apple crop losses worldwide.,plantvillage,https://www.kaggle.com/datasets/abdallahalidev/plantvillage-dataset,apple,Venturia inaequalis,
PV_0002,Apple Black Rot,apple black rot,Disease,Fungal disease caused by Botryosphaeria obtusa. Creates circular brown lesions on fruit and frog-eye leaf spot. Common in humid climates.,plantvillage,https://www.kaggle.com/datasets/abdallahalidev/plantvillage-dataset,apple,Botryosphaeria obtusa,
PV_0002_V008,Apple Black Rot,apple black rot,Disease,Fungal disease caused by Botryosphaeria obtusa. Creates circular brown lesions on fruit and frog-eye leaf spot. Common in humid climates.,plantvillage,https://www.kaggle.com/datasets/abdallahalidev/plantvillage-dataset,apple,Botryosphaeria obtusa,
PV_0002_V009,APPLE BLACK ROT,apple black rot,Disease,Fungal disease caused by Botryosphaeria obtusa. Creates circular brown lesions on fruit and frog-eye leaf spot. Common in humid climates.,plantvillage,https://www.kaggle.com/datasets/abdallahalidev/plantvillage-dataset,apple,Botryosphaeria obtusa,
PV_0002_V010,apple black-rot,apple black-rot,Disease,Fungal disease caused by Botryosphaeria obtusa. Creates circular brown lesions on fruit and frog-eye leaf spot. Common in humid climates.,plantvillage,https://www.kaggle.com/datasets/abdallahalidev/plantvillage-dataset,apple,Botryosphaeria obtusa,
PV_0002_V011,Black Rot of apple,black rot of apple,Disease,Fungal disease caused by Botryosphaeria obtusa. Creates circular brown lesions on fruit and frog-eye leaf spot. Common in humid climates.,plantvillage,https://www.kaggle.com/datasets/abdallahalidev/plantvillage-dataset,apple,Botryosphaeria obtusa,
PV_0002_V012,ABR,abr,Disease,Fungal disease caused by Botryosphaeria obtusa. Creates circular brown lesions on fruit and frog-eye leaf spot. Common in humid climates.,plantvillage,https://www.kaggle.com/datasets/abdallahalidev/plantvillage-dataset,apple,Botryosphaeria obtusa,
PV_0002_V013,apple rot,apple rot,Disease,Fungal disease caused by Botryosphaeria obtusa. Creates circular brown lesions on fruit and frog-eye leaf spot. Common in humid climates.,plantvillage,https://www.kaggle.com/datasets/abdallahalidev/plantvillage-dataset,apple,Botryosphaeria obtusa,
PV_0003,Cedar Apple Rust,cedar apple rust,Disease,Fungal disease caused by Gymnosporangium juniperi-virginianae requiring two hosts: cedar/juniper and apple. Causes yellow-orange spots on apple leaves.,plantvillage,https://www.kaggle.com/datasets/abdallahalidev/plantvillage-dataset,"apple, cedar",Gymnosporangium juniperi-virginianae,
PV_0003_V015,Cedar Apple Rust,cedar apple rust,Disease,Fungal disease caused by Gymnosporangium juniperi-virginianae requiring two hosts: cedar/juniper and apple. Causes yellow-orange spots on apple leaves.,plantvillage,https://www.kaggle.com/datasets/abdallahalidev/plantvillage-dataset,"apple, cedar",Gymnosporangium juniperi-virginianae,
PV_0003_V016,CEDAR APPLE RUST,cedar apple rust,Disease,Fungal disease caused by Gymnosporangium juniperi-virginianae requiring two hosts: cedar/juniper and apple. Causes yellow-orange spots on apple leaves.,plantvillage,https://www.kaggle.com/datasets/abdallahalidev/plantvillage-dataset,"apple, cedar",Gymnosporangium juniperi-virginianae,
PV_0003_V017,cedar-apple rust,cedar-apple rust,Disease,Fungal disease caused by Gymnosporangium juniperi-virginianae requiring two hosts: cedar/juniper and apple. Causes yellow-orange spots on apple leaves.,plantvillage,https://www.kaggle.com/datasets/abdallahalidev/plantvillage-dataset,"apple, cedar",Gymnosporangium juniperi-virginianae,
PV_0003_V018,CAR,car,Disease,Fungal disease caused by Gymnosporangium juniperi-virginianae requiring two hosts: cedar/juniper and apple. Causes yellow-orange spots on apple leaves.,plantvillage,https://www.kaggle.com/datasets/abdallahalidev/plantvillage-dataset,"apple, cedar",Gymnosporangium juniperi-virginianae,
PV_0003_V019,apple rust,apple rust,Disease,Fungal disease caused by Gymnosporangium juniperi-virginianae requiring two hosts: cedar/juniper and apple. Causes yellow-orange spots on apple leaves.,plantvillage,https://www.kaggle.com/datasets/abdallahalidev/plantvillage-dataset,"apple, cedar",Gymnosporangium juniperi-virginianae,
PV_0003_V020,Gymnosporangium rust,gymnosporangium rust,Disease,Fungal disease caused by Gymnosporangium juniperi-virginianae requiring two hosts: cedar/juniper and apple. Causes yellow-orange spots on apple leaves.,plantvillage,https://www.kaggle.com/datasets/abdallahalidev/plantvillage-dataset,"apple, cedar",Gymnosporangium juniperi-virginianae,
PV_0004,Corn Common Rust,corn common rust,Disease,"Fungal disease of maize caused by Puccinia sorghi. Produces small, circular to oval pustules on both leaf surfaces. Widespread in temperate regions.",plantvillage,https://www.kaggle.com/datasets/abdallahalidev/plantvillage-dataset,"corn, maize",Puccinia sorghi,
PV_0004_V022,Corn Common Rust,corn common rust,Disease,"Fungal disease of maize caused by Puccinia sorghi. Produces small, circular to oval pustules on both leaf surfaces. Widespread in temperate regions.",plantvillage,https://www.kaggle.com/datasets/abdallahalidev/plantvillage-dataset,"corn, maize",Puccinia sorghi,
PV_0004_V023,Common Rust of Maize,common rust of maize,Disease,"Fungal disease of maize caused by Puccinia sorghi. Produces small, circular to oval pustules on both leaf surfaces. Widespread in temperate regions.",plantvillage,https://www.kaggle.com/datasets/abdallahalidev/plantvillage-dataset,"corn, maize",Puccinia sorghi,
PV_0004_V024,COMMON RUST,common rust,Disease,"Fungal disease of maize caused by Puccinia sorghi. Produces small, circular to oval pustules on both leaf surfaces. Widespread in temperate regions.",plantvillage,https://www.kaggle.com/datasets/abdallahalidev/plantvillage-dataset,"corn, maize",Puccinia sorghi,
PV_0004_V025,maize rust,maize rust,Disease,"Fungal disease of maize caused by Puccinia sorghi. Produces small, circular to oval pustules on both leaf surfaces. Widespread in temperate regions.",plantvillage,https://www.kaggle.com/datasets/abdallahalidev/plantvillage-dataset,"corn, maize",Puccinia sorghi,
PV_0004_V026,common corn rust,common corn rust,Disease,"Fungal disease of maize caused by Puccinia sorghi. Produces small, circular to oval pustules on both leaf surfaces. Widespread in temperate regions.",plantvillage,https://www.kaggle.com/datasets/abdallahalidev/plantvillage-dataset,"corn, maize",Puccinia sorghi,
PV_0004_V027,Puccinia rust,puccinia rust,Disease,"Fungal disease of maize caused by Puccinia sorghi. Produces small, circular to oval pustules on both leaf surfaces. Widespread in temperate regions.",plantvillage,https://www.kaggle.com/datasets/abdallahalidev/plantvillage-dataset,"corn, maize",Puccinia sorghi,
PV_0004_V028,CCR,ccr,Disease,"Fungal disease of maize caused by Puccinia sorghi. Produces small, circular to oval pustules on both leaf surfaces. Widespread in temperate regions.",plantvillage,https://www.kaggle.com/datasets/abdallahalidev/plantvillage-dataset,"corn, maize",Puccinia sorghi,
PV_0005,Northern Leaf Blight,northern leaf blight,Disease,Fungal disease of corn caused by Exserohilum turcicum. Creates long cigar-shaped grey-green lesions on leaves. Major yield-reducing disease.,plantvillage,https://www.kaggle.com/datasets/abdallahalidev/plantvillage-dataset,"corn, maize",Exserohilum turcicum,
PV_0005_V030,Northern Leaf Blight,northern leaf blight,Disease,Fungal disease of corn caused by Exserohilum turcicum. Creates long cigar-shaped grey-green lesions on leaves. Major yield-reducing disease.,plantvillage,https://www.kaggle.com/datasets/abdallahalidev/plantvillage-dataset,"corn, maize",Exserohilum turcicum,
PV_0005_V031,NORTHERN LEAF BLIGHT,northern leaf blight,Disease,Fungal disease of corn caused by Exserohilum turcicum. Creates long cigar-shaped grey-green lesions on leaves. Major yield-reducing disease.,plantvillage,https://www.kaggle.com/datasets/abdallahalidev/plantvillage-dataset,"corn, maize",Exserohilum turcicum,
PV_0005_V032,NLB,nlb,Disease,Fungal disease of corn caused by Exserohilum turcicum. Creates long cigar-shaped grey-green lesions on leaves. Major yield-reducing disease.,plantvillage,https://www.kaggle.com/datasets/abdallahalidev/plantvillage-dataset,"corn, maize",Exserohilum turcicum,
PV_0005_V033,northern corn leaf blight,northern corn leaf blight,Disease,Fungal disease of corn caused by Exserohilum turcicum. Creates long cigar-shaped grey-green lesions on leaves. Major yield-reducing disease.,plantvillage,https://www.kaggle.com/datasets/abdallahalidev/plantvillage-dataset,"corn, maize",Exserohilum turcicum,
PV_0005_V034,NCLB,nclb,Disease,Fungal disease of corn caused by Exserohilum turcicum. Creates long cigar-shaped grey-green lesions on leaves. Major yield-reducing disease.,plantvillage,https://www.kaggle.com/datasets/abdallahalidev/plantvillage-dataset,"corn, maize",Exserohilum turcicum,
PV_0005_V035,Turcicum blight,turcicum blight,Disease,Fungal disease of corn caused by Exserohilum turcicum. Creates long cigar-shaped grey-green lesions on leaves. Major yield-reducing disease.,plantvillage,https://www.kaggle.com/datasets/abdallahalidev/plantvillage-dataset,"corn, maize",Exserohilum turcicum,
PV_0005_V036,northern blight of maize,northern blight of maize,Disease,Fungal disease of corn caused by Exserohilum turcicum. Creates long cigar-shaped grey-green lesions on leaves. Major yield-reducing disease.,plantvillage,https://www.kaggle.com/datasets/abdallahalidev/plantvillage-dataset,"corn, maize",Exserohilum turcicum,
PV_0006,Gray Leaf Spot,gray leaf spot,Disease,"Fungal disease of maize caused by Cercospora zeae-maydis. Produces rectangular, tan to grey lesions with distinct margins, running parallel to leaf veins.",plantvillage,https://www.kaggle.com/datasets/abdallahalidev/plantvillage-dataset,"corn, maize",Cercospora zeae-maydis,
PV_0006_V038,Gray Leaf Spot,gray leaf spot,Disease,"Fungal disease of maize caused by Cercospora zeae-maydis. Produces rectangular, tan to grey lesions with distinct margins, running parallel to leaf veins.",plantvillage,https://www.kaggle.com/datasets/abdallahalidev/plantvillage-dataset,"corn, maize",Cercospora zeae-maydis,
PV_0006_V039,Grey Leaf Spot,grey leaf spot,Disease,"Fungal disease of maize caused by Cercospora zeae-maydis. Produces rectangular, tan to grey lesions with distinct margins, running parallel to leaf veins.",plantvillage,https://www.kaggle.com/datasets/abdallahalidev/plantvillage-dataset,"corn, maize",Cercospora zeae-maydis,
PV_0006_V040,GRAY LEAF SPOT,gray leaf spot,Disease,"Fungal disease of maize caused by Cercospora zeae-maydis. Produces rectangular, tan to grey lesions with distinct margins, running parallel to leaf veins.",plantvillage,https://www.kaggle.com/datasets/abdallahalidev/plantvillage-dataset,"corn, maize",Cercospora zeae-maydis,
PV_0006_V041,GLS,gls,Disease,"Fungal disease of maize caused by Cercospora zeae-maydis. Produces rectangular, tan to grey lesions with distinct margins, running parallel to leaf veins.",plantvillage,https://www.kaggle.com/datasets/abdallahalidev/plantvillage-dataset,"corn, maize",Cercospora zeae-maydis,
PV_0006_V042,Cercospora leaf spot of maize,cercospora leaf spot of maize,Disease,"Fungal disease of maize caused by Cercospora zeae-maydis. Produces rectangular, tan to grey lesions with distinct margins, running parallel to leaf veins.",plantvillage,https://www.kaggle.com/datasets/abdallahalidev/plantvillage-dataset,"corn, maize",Cercospora zeae-maydis,
PV_0006_V043,gray spot,gray spot,Disease,"Fungal disease of maize caused by Cercospora zeae-maydis. Produces rectangular, tan to grey lesions with distinct margins, running parallel to leaf veins.",plantvillage,https://www.kaggle.com/datasets/abdallahalidev/plantvillage-dataset,"corn, maize",Cercospora zeae-maydis,
PV_0007,Tomato Late Blight,tomato late blight,Disease,Devastating oomycete disease of tomato and potato caused by Phytophthora infestans. Causes rapid water-soaked lesions that turn brown-black. Responsible for the Irish Potato Famine.,plantvillage,https://www.kaggle.com/datasets/abdallahalidev/plantvillage-dataset,"tomato, potato",Phytophthora infestans,
PV_0007_V045,Tomato Late Blight,tomato late blight,Disease,Devastating oomycete disease of tomato and potato caused by Phytophthora infestans. Causes rapid water-soaked lesions that turn brown-black. Responsible for the Irish Potato Famine.,plantvillage,https://www.kaggle.com/datasets/abdallahalidev/plantvillage-dataset,"tomato, potato",Phytophthora infestans,
PV_0007_V046,Late Blight of Tomato,late blight of tomato,Disease,Devastating oomycete disease of tomato and potato caused by Phytophthora infestans. Causes rapid water-soaked lesions that turn brown-black. Responsible for the Irish Potato Famine.,plantvillage,https://www.kaggle.com/datasets/abdallahalidev/plantvillage-dataset,"tomato, potato",Phytophthora infestans,
PV_0007_V047,LATE BLIGHT,late blight,Disease,Devastating oomycete disease of tomato and potato caused by Phytophthora infestans. Causes rapid water-soaked lesions that turn brown-black. Responsible for the Irish Potato Famine.,plantvillage,https://www.kaggle.com/datasets/abdallahalidev/plantvillage-dataset,"tomato, potato",Phytophthora infestans,
PV_0007_V048,late blight,late blight,Disease,Devastating oomycete disease of tomato and potato caused by Phytophthora infestans. Causes rapid water-soaked lesions that turn brown-black. Responsible for the Irish Potato Famine.,plantvillage,https://www.kaggle.com/datasets/abdallahalidev/plantvillage-dataset,"tomato, potato",Phytophthora infestans,
PV_0007_V049,LB,lb,Disease,Devastating oomycete disease of tomato and potato caused by Phytophthora infestans. Causes rapid water-soaked lesions that turn brown-black. Responsible for the Irish Potato Famine.,plantvillage,https://www.kaggle.com/datasets/abdallahalidev/plantvillage-dataset,"tomato, potato",Phytophthora infestans,
PV_0007_V050,Phytophthora blight,phytophthora blight,Disease,Devastating oomycete disease of tomato and potato caused by Phytophthora infestans. Causes rapid water-soaked lesions that turn brown-black. Responsible for the Irish Potato Famine.,plantvillage,https://www.kaggle.com/datasets/abdallahalidev/plantvillage-dataset,"tomato, potato",Phytophthora infestans,
PV_0007_V051,tomato blight,tomato blight,Disease,Devastating oomycete disease of tomato and potato caused by Phytophthora infestans. Causes rapid water-soaked lesions that turn brown-black. Responsible for the Irish Potato Famine.,plantvillage,https://www.kaggle.com/datasets/abdallahalidev/plantvillage-dataset,"tomato, potato",Phytophthora infestans,
PV_0007_V052,late blight disease,late blight disease,Disease,Devastating oomycete disease of tomato and potato caused by Phytophthora infestans. Causes rapid water-soaked lesions that turn brown-black. Responsible for the Irish Potato Famine.,plantvillage,https://www.kaggle.com/datasets/abdallahalidev/plantvillage-dataset,"tomato, potato",Phytophthora infestans,
PV_0008,Tomato Early Blight,tomato early blight,Disease,"Fungal disease of tomato caused by Alternaria solani. Produces dark concentric ring lesions giving a target-board appearance. Affects leaves, stems and fruit.",plantvillage,https://www.kaggle.com/datasets/abdallahalidev/plantvillage-dataset,"tomato, potato",Alternaria solani,
PV_0008_V054,Tomato Early Blight,tomato early blight,Disease,"Fungal disease of tomato caused by Alternaria solani. Produces dark concentric ring lesions giving a target-board appearance. Affects leaves, stems and fruit.",plantvillage,https://www.kaggle.com/datasets/abdallahalidev/plantvillage-dataset,"tomato, potato",Alternaria solani,
PV_0008_V055,Early Blight of Tomato,early blight of tomato,Disease,"Fungal disease of tomato caused by Alternaria solani. Produces dark concentric ring lesions giving a target-board appearance. Affects leaves, stems and fruit.",plantvillage,https://www.kaggle.com/datasets/abdallahalidev/plantvillage-dataset,"tomato, potato",Alternaria solani,
PV_0008_V056,EARLY BLIGHT,early blight,Disease,"Fungal disease of tomato caused by Alternaria solani. Produces dark concentric ring lesions giving a target-board appearance. Affects leaves, stems and fruit.",plantvillage,https://www.kaggle.com/datasets/abdallahalidev/plantvillage-dataset,"tomato, potato",Alternaria solani,
PV_0008_V057,early blight,early blight,Disease,"Fungal disease of tomato caused by Alternaria solani. Produces dark concentric ring lesions giving a target-board appearance. Affects leaves, stems and fruit.",plantvillage,https://www.kaggle.com/datasets/abdallahalidev/plantvillage-dataset,"tomato, potato",Alternaria solani,
PV_0008_V058,EB,eb,Disease,"Fungal disease of tomato caused by Alternaria solani. Produces dark concentric ring lesions giving a target-board appearance. Affects leaves, stems and fruit.",plantvillage,https://www.kaggle.com/datasets/abdallahalidev/plantvillage-dataset,"tomato, potato",Alternaria solani,
PV_0008_V059,Alternaria blight,alternaria blight,Disease,"Fungal disease of tomato caused by Alternaria solani. Produces dark concentric ring lesions giving a target-board appearance. Affects leaves, stems and fruit.",plantvillage,https://www.kaggle.com/datasets/abdallahalidev/plantvillage-dataset,"tomato, potato",Alternaria solani,
PV_0008_V060,early blight disease,early blight disease,Disease,"Fungal disease of tomato caused by Alternaria solani. Produces dark concentric ring lesions giving a target-board appearance. Affects leaves, stems and fruit.",plantvillage,https://www.kaggle.com/datasets/abdallahalidev/plantvillage-dataset,"tomato, potato",Alternaria solani,
PV_0009,Tomato Bacterial Spot,tomato bacterial spot,Disease,"Bacterial disease of tomato caused by Xanthomonas species. Produces small, water-soaked spots on leaves and fruit. Favoured by warm, wet conditions.",plantvillage,https://www.kaggle.com/datasets/abdallahalidev/plantvillage-dataset,"tomato, pepper",Xanthomonas campestris pv. vesicatoria,
PV_0009_V062,Tomato Bacterial Spot,tomato bacterial spot,Disease,"Bacterial disease of tomato caused by Xanthomonas species. Produces small, water-soaked spots on leaves and fruit. Favoured by warm, wet conditions.",plantvillage,https://www.kaggle.com/datasets/abdallahalidev/plantvillage-dataset,"tomato, pepper",Xanthomonas campestris pv. vesicatoria,
PV_0009_V063,BACTERIAL SPOT,bacterial spot,Disease,"Bacterial disease of tomato caused by Xanthomonas species. Produces small, water-soaked spots on leaves and fruit. Favoured by warm, wet conditions.",plantvillage,https://www.kaggle.com/datasets/abdallahalidev/plantvillage-dataset,"tomato, pepper",Xanthomonas campestris pv. vesicatoria,
PV_0009_V064,bacterial spot,bacterial spot,Disease,"Bacterial disease of tomato caused by Xanthomonas species. Produces small, water-soaked spots on leaves and fruit. Favoured by warm, wet conditions.",plantvillage,https://www.kaggle.com/datasets/abdallahalidev/plantvillage-dataset,"tomato, pepper",Xanthomonas campestris pv. vesicatoria,
PV_0009_V065,bacterial spot of tomato,bacterial spot of tomato,Disease,"Bacterial disease of tomato caused by Xanthomonas species. Produces small, water-soaked spots on leaves and fruit. Favoured by warm, wet conditions.",plantvillage,https://www.kaggle.com/datasets/abdallahalidev/plantvillage-dataset,"tomato, pepper",Xanthomonas campestris pv. vesicatoria,
PV_0009_V066,TBS,tbs,Disease,"Bacterial disease of tomato caused by Xanthomonas species. Produces small, water-soaked spots on leaves and fruit. Favoured by warm, wet conditions.",plantvillage,https://www.kaggle.com/datasets/abdallahalidev/plantvillage-dataset,"tomato, pepper",Xanthomonas campestris pv. vesicatoria,
PV_0009_V067,Xanthomonas spot,xanthomonas spot,Disease,"Bacterial disease of tomato caused by Xanthomonas species. Produces small, water-soaked spots on leaves and fruit. Favoured by warm, wet conditions.",plantvillage,https://www.kaggle.com/datasets/abdallahalidev/plantvillage-dataset,"tomato, pepper",Xanthomonas campestris pv. vesicatoria,
PV_0010,Tomato Leaf Mold,tomato leaf mold,Disease,Fungal disease caused by Passalora fulva (formerly Fulvia fulva). Creates pale green to yellow spots on upper leaf surface and olive-green mold on lower surface.,plantvillage,https://www.kaggle.com/datasets/abdallahalidev/plantvillage-dataset,tomato,Passalora fulva,
PV_0010_V069,Tomato Leaf Mold,tomato leaf mold,Disease,Fungal disease caused by Passalora fulva (formerly Fulvia fulva). Creates pale green to yellow spots on upper leaf surface and olive-green mold on lower surface.,plantvillage,https://www.kaggle.com/datasets/abdallahalidev/plantvillage-dataset,tomato,Passalora fulva,
PV_0010_V070,TOMATO LEAF MOLD,tomato leaf mold,Disease,Fungal disease caused by Passalora fulva (formerly Fulvia fulva). Creates pale green to yellow spots on upper leaf surface and olive-green mold on lower surface.,plantvillage,https://www.kaggle.com/datasets/abdallahalidev/plantvillage-dataset,tomato,Passalora fulva,
PV_0010_V071,leaf mold of tomato,leaf mold of tomato,Disease,Fungal disease caused by Passalora fulva (formerly Fulvia fulva). Creates pale green to yellow spots on upper leaf surface and olive-green mold on lower surface.,plantvillage,https://www.kaggle.com/datasets/abdallahalidev/plantvillage-dataset,tomato,Passalora fulva,
PV_0010_V072,leaf mould,leaf mould,Disease,Fungal disease caused by Passalora fulva (formerly Fulvia fulva). Creates pale green to yellow spots on upper leaf surface and olive-green mold on lower surface.,plantvillage,https://www.kaggle.com/datasets/abdallahalidev/plantvillage-dataset,tomato,Passalora fulva,
PV_0010_V073,tomato mold,tomato mold,Disease,Fungal disease caused by Passalora fulva (formerly Fulvia fulva). Creates pale green to yellow spots on upper leaf surface and olive-green mold on lower surface.,plantvillage,https://www.kaggle.com/datasets/abdallahalidev/plantvillage-dataset,tomato,Passalora fulva,
PV_0010_V074,Cladosporium leaf mold,cladosporium leaf mold,Disease,Fungal disease caused by Passalora fulva (formerly Fulvia fulva). Creates pale green to yellow spots on upper leaf surface and olive-green mold on lower surface.,plantvillage,https://www.kaggle.com/datasets/abdallahalidev/plantvillage-dataset,tomato,Passalora fulva,
PV_0011,Tomato Septoria Leaf Spot,tomato septoria leaf spot,Disease,Fungal disease caused by Septoria lycopersici. Produces numerous small circular spots with dark borders and light grey centres. Rapidly defoliates plants.,plantvillage,https://www.kaggle.com/datasets/abdallahalidev/plantvillage-dataset,tomato,Septoria lycopersici,
PV_0011_V076,Tomato Septoria Leaf Spot,tomato septoria leaf spot,Disease,Fungal disease caused by Septoria lycopersici. Produces numerous small circular spots with dark borders and light grey centres. Rapidly defoliates plants.,plantvillage,https://www.kaggle.com/datasets/abdallahalidev/plantvillage-dataset,tomato,Septoria lycopersici,
PV_0011_V077,SEPTORIA LEAF SPOT,septoria leaf spot,Disease,Fungal disease caused by Septoria lycopersici. Produces numerous small circular spots with dark borders and light grey centres. Rapidly defoliates plants.,plantvillage,https://www.kaggle.com/datasets/abdallahalidev/plantvillage-dataset,tomato,Septoria lycopersici,
PV_0011_V078,Septoria spot,septoria spot,Disease,Fungal disease caused by Septoria lycopersici. Produces numerous small circular spots with dark borders and light grey centres. Rapidly defoliates plants.,plantvillage,https://www.kaggle.com/datasets/abdallahalidev/plantvillage-dataset,tomato,Septoria lycopersici,
PV_0011_V079,septoria blight,septoria blight,Disease,Fungal disease caused by Septoria lycopersici. Produces numerous small circular spots with dark borders and light grey centres. Rapidly defoliates plants.,plantvillage,https://www.kaggle.com/datasets/abdallahalidev/plantvillage-dataset,tomato,Septoria lycopersici,
PV_0011_V080,SLS,sls,Disease,Fungal disease caused by Septoria lycopersici. Produces numerous small circular spots with dark borders and light grey centres. Rapidly defoliates plants.,plantvillage,https://www.kaggle.com/datasets/abdallahalidev/plantvillage-dataset,tomato,Septoria lycopersici,
PV_0011_V081,leaf spot of tomato,leaf spot of tomato,Disease,Fungal disease caused by Septoria lycopersici. Produces numerous small circular spots with dark borders and light grey centres. Rapidly defoliates plants.,plantvillage,https://www.kaggle.com/datasets/abdallahalidev/plantvillage-dataset,tomato,Septoria lycopersici,
PV_0012,Tomato Spider Mites,tomato spider mites,Disease,"Two-spotted spider mite (Tetranychus urticae) infestation of tomato. Causes stippling, yellowing and bronzing of leaves. Thrives in hot dry conditions.",plantvillage,https://www.kaggle.com/datasets/abdallahalidev/plantvillage-dataset,tomato,Tetranychus urticae,
PV_0012_V083,Tomato Spider Mites,tomato spider mites,Disease,"Two-spotted spider mite (Tetranychus urticae) infestation of tomato. Causes stippling, yellowing and bronzing of leaves. Thrives in hot dry conditions.",plantvillage,https://www.kaggle.com/datasets/abdallahalidev/plantvillage-dataset,tomato,Tetranychus urticae,
PV_0012_V084,Spider Mite of Tomato,spider mite of tomato,Disease,"Two-spotted spider mite (Tetranychus urticae) infestation of tomato. Causes stippling, yellowing and bronzing of leaves. Thrives in hot dry conditions.",plantvillage,https://www.kaggle.com/datasets/abdallahalidev/plantvillage-dataset,tomato,Tetranychus urticae,
PV_0012_V085,SPIDER MITES,spider mites,Disease,"Two-spotted spider mite (Tetranychus urticae) infestation of tomato. Causes stippling, yellowing and bronzing of leaves. Thrives in hot dry conditions.",plantvillage,https://www.kaggle.com/datasets/abdallahalidev/plantvillage-dataset,tomato,Tetranychus urticae,
PV_0012_V086,two spotted spider mite,two spotted spider mite,Disease,"Two-spotted spider mite (Tetranychus urticae) infestation of tomato. Causes stippling, yellowing and bronzing of leaves. Thrives in hot dry conditions.",plantvillage,https://www.kaggle.com/datasets/abdallahalidev/plantvillage-dataset,tomato,Tetranychus urticae,
PV_0012_V087,TSSM,tssm,Disease,"Two-spotted spider mite (Tetranychus urticae) infestation of tomato. Causes stippling, yellowing and bronzing of leaves. Thrives in hot dry conditions.",plantvillage,https://www.kaggle.com/datasets/abdallahalidev/plantvillage-dataset,tomato,Tetranychus urticae,
PV_0012_V088,Tetranychus infestation,tetranychus infestation,Disease,"Two-spotted spider mite (Tetranychus urticae) infestation of tomato. Causes stippling, yellowing and bronzing of leaves. Thrives in hot dry conditions.",plantvillage,https://www.kaggle.com/datasets/abdallahalidev/plantvillage-dataset,tomato,Tetranychus urticae,
PV_0013,Tomato Target Spot,tomato target spot,Disease,"Fungal disease caused by Corynespora cassiicola. Produces circular lesions with concentric rings giving a target appearance. Affects leaves, stems and fruit.",plantvillage,https://www.kaggle.com/datasets/abdallahalidev/plantvillage-dataset,tomato,Corynespora cassiicola,
PV_0013_V090,Tomato Target Spot,tomato target spot,Disease,"Fungal disease caused by Corynespora cassiicola. Produces circular lesions with concentric rings giving a target appearance. Affects leaves, stems and fruit.",plantvillage,https://www.kaggle.com/datasets/abdallahalidev/plantvillage-dataset,tomato,Corynespora cassiicola,
PV_0013_V091,TARGET SPOT,target spot,Disease,"Fungal disease caused by Corynespora cassiicola. Produces circular lesions with concentric rings giving a target appearance. Affects leaves, stems and fruit.",plantvillage,https://www.kaggle.com/datasets/abdallahalidev/plantvillage-dataset,tomato,Corynespora cassiicola,
PV_0013_V092,target spot of tomato,target spot of tomato,Disease,"Fungal disease caused by Corynespora cassiicola. Produces circular lesions with concentric rings giving a target appearance. Affects leaves, stems and fruit.",plantvillage,https://www.kaggle.com/datasets/abdallahalidev/plantvillage-dataset,tomato,Corynespora cassiicola,
PV_0013_V093,Corynespora spot,corynespora spot,Disease,"Fungal disease caused by Corynespora cassiicola. Produces circular lesions with concentric rings giving a target appearance. Affects leaves, stems and fruit.",plantvillage,https://www.kaggle.com/datasets/abdallahalidev/plantvillage-dataset,tomato,Corynespora cassiicola,
PV_0013_V094,target leaf spot,target leaf spot,Disease,"Fungal disease caused by Corynespora cassiicola. Produces circular lesions with concentric rings giving a target appearance. Affects leaves, stems and fruit.",plantvillage,https://www.kaggle.com/datasets/abdallahalidev/plantvillage-dataset,tomato,Corynespora cassiicola,
PV_0014,Tomato Yellow Leaf Curl Virus,tomato yellow leaf curl virus,Disease,"Viral disease caused by Tomato yellow leaf curl virus (TYLCV), transmitted by whitefly Bemisia tabaci. Causes severe yellowing, curling and stunting.",plantvillage,https://www.kaggle.com/datasets/abdallahalidev/plantvillage-dataset,tomato,Tomato yellow leaf curl virus (TYLCV),
PV_0014_V096,Tomato Yellow Leaf Curl Virus,tomato yellow leaf curl virus,Disease,"Viral disease caused by Tomato yellow leaf curl virus (TYLCV), transmitted by whitefly Bemisia tabaci. Causes severe yellowing, curling and stunting.",plantvillage,https://www.kaggle.com/datasets/abdallahalidev/plantvillage-dataset,tomato,Tomato yellow leaf curl virus (TYLCV),
PV_0014_V097,TYLCV,tylcv,Disease,"Viral disease caused by Tomato yellow leaf curl virus (TYLCV), transmitted by whitefly Bemisia tabaci. Causes severe yellowing, curling and stunting.",plantvillage,https://www.kaggle.com/datasets/abdallahalidev/plantvillage-dataset,tomato,Tomato yellow leaf curl virus (TYLCV),
PV_0014_V098,yellow leaf curl,yellow leaf curl,Disease,"Viral disease caused by Tomato yellow leaf curl virus (TYLCV), transmitted by whitefly Bemisia tabaci. Causes severe yellowing, curling and stunting.",plantvillage,https://www.kaggle.com/datasets/abdallahalidev/plantvillage-dataset,tomato,Tomato yellow leaf curl virus (TYLCV),
PV_0014_V099,tomato leaf curl,tomato leaf curl,Disease,"Viral disease caused by Tomato yellow leaf curl virus (TYLCV), transmitted by whitefly Bemisia tabaci. Causes severe yellowing, curling and stunting.",plantvillage,https://www.kaggle.com/datasets/abdallahalidev/plantvillage-dataset,tomato,Tomato yellow leaf curl virus (TYLCV),
PV_0014_V100,YLCV,ylcv,Disease,"Viral disease caused by Tomato yellow leaf curl virus (TYLCV), transmitted by whitefly Bemisia tabaci. Causes severe yellowing, curling and stunting.",plantvillage,https://www.kaggle.com/datasets/abdallahalidev/plantvillage-dataset,tomato,Tomato yellow leaf curl virus (TYLCV),
PV_0014_V101,yellow curl virus,yellow curl virus,Disease,"Viral disease caused by Tomato yellow leaf curl virus (TYLCV), transmitted by whitefly Bemisia tabaci. Causes severe yellowing, curling and stunting.",plantvillage,https://www.kaggle.com/datasets/abdallahalidev/plantvillage-dataset,tomato,Tomato yellow leaf curl virus (TYLCV),
PV_0015,Tomato Mosaic Virus,tomato mosaic virus,Disease,Viral disease caused by Tomato mosaic virus (ToMV). Produces mottled light and dark green mosaic pattern on leaves. Highly persistent in plant debris.,plantvillage,https://www.kaggle.com/datasets/abdallahalidev/plantvillage-dataset,tomato,Tomato mosaic virus (ToMV),
PV_0015_V103,Tomato Mosaic Virus,tomato mosaic virus,Disease,Viral disease caused by Tomato mosaic virus (ToMV). Produces mottled light and dark green mosaic pattern on leaves. Highly persistent in plant debris.,plantvillage,https://www.kaggle.com/datasets/abdallahalidev/plantvillage-dataset,tomato,Tomato mosaic virus (ToMV),
PV_0015_V104,ToMV,tomv,Disease,Viral disease caused by Tomato mosaic virus (ToMV). Produces mottled light and dark green mosaic pattern on leaves. Highly persistent in plant debris.,plantvillage,https://www.kaggle.com/datasets/abdallahalidev/plantvillage-dataset,tomato,Tomato mosaic virus (ToMV),
PV_0015_V105,tomato mosaic,tomato mosaic,Disease,Viral disease caused by Tomato mosaic virus (ToMV). Produces mottled light and dark green mosaic pattern on leaves. Highly persistent in plant debris.,plantvillage,https://www.kaggle.com/datasets/abdallahalidev/plantvillage-dataset,tomato,Tomato mosaic virus (ToMV),
PV_0015_V106,TMV,tmv,Disease,Viral disease caused by Tomato mosaic virus (ToMV). Produces mottled light and dark green mosaic pattern on leaves. Highly persistent in plant debris.,plantvillage,https://www.kaggle.com/datasets/abdallahalidev/plantvillage-dataset,tomato,Tomato mosaic virus (ToMV),
PV_0015_V107,mosaic virus of tomato,mosaic virus of tomato,Disease,Viral disease caused by Tomato mosaic virus (ToMV). Produces mottled light and dark green mosaic pattern on leaves. Highly persistent in plant debris.,plantvillage,https://www.kaggle.com/datasets/abdallahalidev/plantvillage-dataset,tomato,Tomato mosaic virus (ToMV),
PV_0015_V108,tobacco mosaic virus,tobacco mosaic virus,Disease,Viral disease caused by Tomato mosaic virus (ToMV). Produces mottled light and dark green mosaic pattern on leaves. Highly persistent in plant debris.,plantvillage,https://www.kaggle.com/datasets/abdallahalidev/plantvillage-dataset,tomato,Tomato mosaic virus (ToMV),
PV_0016,Potato Late Blight,potato late blight,Disease,Oomycete disease of potato caused by Phytophthora infestans. Causes dark water-soaked lesions on leaves and tuber rot. The same pathogen that caused the 1840s Irish Famine.,plantvillage,https://www.kaggle.com/datasets/abdallahalidev/plantvillage-dataset,potato,Phytophthora infestans,
PV_0016_V110,Potato Late Blight,potato late blight,Disease,Oomycete disease of potato caused by Phytophthora infestans. Causes dark water-soaked lesions on leaves and tuber rot. The same pathogen that caused the 1840s Irish Famine.,plantvillage,https://www.kaggle.com/datasets/abdallahalidev/plantvillage-dataset,potato,Phytophthora infestans,
PV_0016_V111,Late Blight of Potato,late blight of potato,Disease,Oomycete disease of potato caused by Phytophthora infestans. Causes dark water-soaked lesions on leaves and tuber rot. The same pathogen that caused the 1840s Irish Famine.,plantvillage,https://www.kaggle.com/datasets/abdallahalidev/plantvillage-dataset,potato,Phytophthora infestans,
PV_0016_V112,POTATO LATE BLIGHT,potato late blight,Disease,Oomycete disease of potato caused by Phytophthora infestans. Causes dark water-soaked lesions on leaves and tuber rot. The same pathogen that caused the 1840s Irish Famine.,plantvillage,https://www.kaggle.com/datasets/abdallahalidev/plantvillage-dataset,potato,Phytophthora infestans,
PV_0016_V113,PLB,plb,Disease,Oomycete disease of potato caused by Phytophthora infestans. Causes dark water-soaked lesions on leaves and tuber rot. The same pathogen that caused the 1840s Irish Famine.,plantvillage,https://www.kaggle.com/datasets/abdallahalidev/plantvillage-dataset,potato,Phytophthora infestans,
PV_0016_V114,Phytophthora blight of potato,phytophthora blight of potato,Disease,Oomycete disease of potato caused by Phytophthora infestans. Causes dark water-soaked lesions on leaves and tuber rot. The same pathogen that caused the 1840s Irish Famine.,plantvillage,https://www.kaggle.com/datasets/abdallahalidev/plantvillage-dataset,potato,Phytophthora infestans,
PV_0016_V115,potato blight,potato blight,Disease,Oomycete disease of potato caused by Phytophthora infestans. Causes dark water-soaked lesions on leaves and tuber rot. The same pathogen that caused the 1840s Irish Famine.,plantvillage,https://www.kaggle.com/datasets/abdallahalidev/plantvillage-dataset,potato,Phytophthora infestans,
PV_0017,Potato Early Blight,potato early blight,Disease,"Fungal disease of potato caused by Alternaria solani. Produces dark brown target-board lesions on lower leaves first, progressing upward.",plantvillage,https://www.kaggle.com/datasets/abdallahalidev/plantvillage-dataset,potato,Alternaria solani,
PV_0017_V117,Potato Early Blight,potato early blight,Disease,"Fungal disease of potato caused by Alternaria solani. Produces dark brown target-board lesions on lower leaves first, progressing upward.",plantvillage,https://www.kaggle.com/datasets/abdallahalidev/plantvillage-dataset,potato,Alternaria solani,
PV_0017_V118,POTATO EARLY BLIGHT,potato early blight,Disease,"Fungal disease of potato caused by Alternaria solani. Produces dark brown target-board lesions on lower leaves first, progressing upward.",plantvillage,https://www.kaggle.com/datasets/abdallahalidev/plantvillage-dataset,potato,Alternaria solani,
PV_0017_V119,PEB,peb,Disease,"Fungal disease of potato caused by Alternaria solani. Produces dark brown target-board lesions on lower leaves first, progressing upward.",plantvillage,https://www.kaggle.com/datasets/abdallahalidev/plantvillage-dataset,potato,Alternaria solani,
PV_0017_V120,Alternaria blight of potato,alternaria blight of potato,Disease,"Fungal disease of potato caused by Alternaria solani. Produces dark brown target-board lesions on lower leaves first, progressing upward.",plantvillage,https://www.kaggle.com/datasets/abdallahalidev/plantvillage-dataset,potato,Alternaria solani,
PV_0017_V121,early blight of potato,early blight of potato,Disease,"Fungal disease of potato caused by Alternaria solani. Produces dark brown target-board lesions on lower leaves first, progressing upward.",plantvillage,https://www.kaggle.com/datasets/abdallahalidev/plantvillage-dataset,potato,Alternaria solani,
PV_0018,Grape Black Rot,grape black rot,Disease,Fungal disease of grape caused by Guignardia bidwellii. Causes small yellow-green spots on leaves and shrivels fruit into hard black mummies.,plantvillage,https://www.kaggle.com/datasets/abdallahalidev/plantvillage-dataset,grape,Guignardia bidwellii,
PV_0018_V123,Grape Black Rot,grape black rot,Disease,Fungal disease of grape caused by Guignardia bidwellii. Causes small yellow-green spots on leaves and shrivels fruit into hard black mummies.,plantvillage,https://www.kaggle.com/datasets/abdallahalidev/plantvillage-dataset,grape,Guignardia bidwellii,
PV_0018_V124,GRAPE BLACK ROT,grape black rot,Disease,Fungal disease of grape caused by Guignardia bidwellii. Causes small yellow-green spots on leaves and shrivels fruit into hard black mummies.,plantvillage,https://www.kaggle.com/datasets/abdallahalidev/plantvillage-dataset,grape,Guignardia bidwellii,
PV_0018_V125,Black Rot of Grape,black rot of grape,Disease,Fungal disease of grape caused by Guignardia bidwellii. Causes small yellow-green spots on leaves and shrivels fruit into hard black mummies.,plantvillage,https://www.kaggle.com/datasets/abdallahalidev/plantvillage-dataset,grape,Guignardia bidwellii,
PV_0018_V126,GBR,gbr,Disease,Fungal disease of grape caused by Guignardia bidwellii. Causes small yellow-green spots on leaves and shrivels fruit into hard black mummies.,plantvillage,https://www.kaggle.com/datasets/abdallahalidev/plantvillage-dataset,grape,Guignardia bidwellii,
PV_0018_V127,grape rot,grape rot,Disease,Fungal disease of grape caused by Guignardia bidwellii. Causes small yellow-green spots on leaves and shrivels fruit into hard black mummies.,plantvillage,https://www.kaggle.com/datasets/abdallahalidev/plantvillage-dataset,grape,Guignardia bidwellii,
PV_0018_V128,Guignardia rot,guignardia rot,Disease,Fungal disease of grape caused by Guignardia bidwellii. Causes small yellow-green spots on leaves and shrivels fruit into hard black mummies.,plantvillage,https://www.kaggle.com/datasets/abdallahalidev/plantvillage-dataset,grape,Guignardia bidwellii,
PV_0019,Grape Esca (Black Measles),grape esca (black measles),Disease,Complex fungal disease of grapevine caused by multiple fungi including Phaeomoniella chlamydospora. Causes tiger-stripe leaf pattern and internal wood discolouration.,plantvillage,https://www.kaggle.com/datasets/abdallahalidev/plantvillage-dataset,grape,Phaeomoniella chlamydospora / Phaeoacremonium species,
PV_0019_V130,Grape Esca,grape esca,Disease,Complex fungal disease of grapevine caused by multiple fungi including Phaeomoniella chlamydospora. Causes tiger-stripe leaf pattern and internal wood discolouration.,plantvillage,https://www.kaggle.com/datasets/abdallahalidev/plantvillage-dataset,grape,Phaeomoniella chlamydospora / Phaeoacremonium species,
PV_0019_V131,Black Measles,black measles,Disease,Complex fungal disease of grapevine caused by multiple fungi including Phaeomoniella chlamydospora. Causes tiger-stripe leaf pattern and internal wood discolouration.,plantvillage,https://www.kaggle.com/datasets/abdallahalidev/plantvillage-dataset,grape,Phaeomoniella chlamydospora / Phaeoacremonium species,
PV_0019_V132,ESCA,esca,Disease,Complex fungal disease of grapevine caused by multiple fungi including Phaeomoniella chlamydospora. Causes tiger-stripe leaf pattern and internal wood discolouration.,plantvillage,https://www.kaggle.com/datasets/abdallahalidev/plantvillage-dataset,grape,Phaeomoniella chlamydospora / Phaeoacremonium species,
PV_0019_V133,grape black measles,grape black measles,Disease,Complex fungal disease of grapevine caused by multiple fungi including Phaeomoniella chlamydospora. Causes tiger-stripe leaf pattern and internal wood discolouration.,plantvillage,https://www.kaggle.com/datasets/abdallahalidev/plantvillage-dataset,grape,Phaeomoniella chlamydospora / Phaeoacremonium species,
PV_0019_V134,esca disease,esca disease,Disease,Complex fungal disease of grapevine caused by multiple fungi including Phaeomoniella chlamydospora. Causes tiger-stripe leaf pattern and internal wood discolouration.,plantvillage,https://www.kaggle.com/datasets/abdallahalidev/plantvillage-dataset,grape,Phaeomoniella chlamydospora / Phaeoacremonium species,
PV_0019_V135,grapevine esca,grapevine esca,Disease,Complex fungal disease of grapevine caused by multiple fungi including Phaeomoniella chlamydospora. Causes tiger-stripe leaf pattern and internal wood discolouration.,plantvillage,https://www.kaggle.com/datasets/abdallahalidev/plantvillage-dataset,grape,Phaeomoniella chlamydospora / Phaeoacremonium species,
PV_0020,Grape Leaf Blight,grape leaf blight,Disease,Fungal disease of grape caused by Pseudocercospora vitis. Creates irregular brown lesions on leaves. Also called Isariopsis leaf spot.,plantvillage,https://www.kaggle.com/datasets/abdallahalidev/plantvillage-dataset,grape,Pseudocercospora vitis,
PV_0020_V137,Grape Leaf Blight,grape leaf blight,Disease,Fungal disease of grape caused by Pseudocercospora vitis. Creates irregular brown lesions on leaves. Also called Isariopsis leaf spot.,plantvillage,https://www.kaggle.com/datasets/abdallahalidev/plantvillage-dataset,grape,Pseudocercospora vitis,
PV_0020_V138,GRAPE LEAF BLIGHT,grape leaf blight,Disease,Fungal disease of grape caused by Pseudocercospora vitis. Creates irregular brown lesions on leaves. Also called Isariopsis leaf spot.,plantvillage,https://www.kaggle.com/datasets/abdallahalidev/plantvillage-dataset,grape,Pseudocercospora vitis,
PV_0020_V139,Isariopsis leaf spot,isariopsis leaf spot,Disease,Fungal disease of grape caused by Pseudocercospora vitis. Creates irregular brown lesions on leaves. Also called Isariopsis leaf spot.,plantvillage,https://www.kaggle.com/datasets/abdallahalidev/plantvillage-dataset,grape,Pseudocercospora vitis,
PV_0020_V140,grape leaf spot,grape leaf spot,Disease,Fungal disease of grape caused by Pseudocercospora vitis. Creates irregular brown lesions on leaves. Also called Isariopsis leaf spot.,plantvillage,https://www.kaggle.com/datasets/abdallahalidev/plantvillage-dataset,grape,Pseudocercospora vitis,
PV_0020_V141,GLB,glb,Disease,Fungal disease of grape caused by Pseudocercospora vitis. Creates irregular brown lesions on leaves. Also called Isariopsis leaf spot.,plantvillage,https://www.kaggle.com/datasets/abdallahalidev/plantvillage-dataset,grape,Pseudocercospora vitis,
PV_0021,Grape Powdery Mildew,grape powdery mildew,Disease,"Fungal disease of grape caused by Uncinula necator (Erysiphe necator). Produces white powdery growth on young leaves, shoots and berries.",plantvillage,https://www.kaggle.com/datasets/abdallahalidev/plantvillage-dataset,grape,Erysiphe necator,
PV_0021_V143,Grape Powdery Mildew,grape powdery mildew,Disease,"Fungal disease of grape caused by Uncinula necator (Erysiphe necator). Produces white powdery growth on young leaves, shoots and berries.",plantvillage,https://www.kaggle.com/datasets/abdallahalidev/plantvillage-dataset,grape,Erysiphe necator,
PV_0021_V144,POWDERY MILDEW,powdery mildew,Disease,"Fungal disease of grape caused by Uncinula necator (Erysiphe necator). Produces white powdery growth on young leaves, shoots and berries.",plantvillage,https://www.kaggle.com/datasets/abdallahalidev/plantvillage-dataset,grape,Erysiphe necator,
PV_0021_V145,powdery mildew of grape,powdery mildew of grape,Disease,"Fungal disease of grape caused by Uncinula necator (Erysiphe necator). Produces white powdery growth on young leaves, shoots and berries.",plantvillage,https://www.kaggle.com/datasets/abdallahalidev/plantvillage-dataset,grape,Erysiphe necator,
PV_0021_V146,oidium,oidium,Disease,"Fungal disease of grape caused by Uncinula necator (Erysiphe necator). Produces white powdery growth on young leaves, shoots and berries.",plantvillage,https://www.kaggle.com/datasets/abdallahalidev/plantvillage-dataset,grape,Erysiphe necator,
PV_0021_V147,grape oidium,grape oidium,Disease,"Fungal disease of grape caused by Uncinula necator (Erysiphe necator). Produces white powdery growth on young leaves, shoots and berries.",plantvillage,https://www.kaggle.com/datasets/abdallahalidev/plantvillage-dataset,grape,Erysiphe necator,
PV_0021_V148,GPM,gpm,Disease,"Fungal disease of grape caused by Uncinula necator (Erysiphe necator). Produces white powdery growth on young leaves, shoots and berries.",plantvillage,https://www.kaggle.com/datasets/abdallahalidev/plantvillage-dataset,grape,Erysiphe necator,
PV_0022,Citrus Greening,citrus greening,Disease,"Bacterial disease of citrus caused by Candidatus Liberibacter asiaticus, transmitted by Asian citrus psyllid. Causes yellowing, misshapen bitter fruit. No cure exists.",plantvillage,https://www.kaggle.com/datasets/abdallahalidev/plantvillage-dataset,"orange, citrus",Candidatus Liberibacter asiaticus,
PV_0022_V150,Citrus Greening,citrus greening,Disease,"Bacterial disease of citrus caused by Candidatus Liberibacter asiaticus, transmitted by Asian citrus psyllid. Causes yellowing, misshapen bitter fruit. No cure exists.",plantvillage,https://www.kaggle.com/datasets/abdallahalidev/plantvillage-dataset,"orange, citrus",Candidatus Liberibacter asiaticus,
PV_0022_V151,CITRUS GREENING,citrus greening,Disease,"Bacterial disease of citrus caused by Candidatus Liberibacter asiaticus, transmitted by Asian citrus psyllid. Causes yellowing, misshapen bitter fruit. No cure exists.",plantvillage,https://www.kaggle.com/datasets/abdallahalidev/plantvillage-dataset,"orange, citrus",Candidatus Liberibacter asiaticus,
PV_0022_V152,Huanglongbing,huanglongbing,Disease,"Bacterial disease of citrus caused by Candidatus Liberibacter asiaticus, transmitted by Asian citrus psyllid. Causes yellowing, misshapen bitter fruit. No cure exists.",plantvillage,https://www.kaggle.com/datasets/abdallahalidev/plantvillage-dataset,"orange, citrus",Candidatus Liberibacter asiaticus,
PV_0022_V153,HLB,hlb,Disease,"Bacterial disease of citrus caused by Candidatus Liberibacter asiaticus, transmitted by Asian citrus psyllid. Causes yellowing, misshapen bitter fruit. No cure exists.",plantvillage,https://www.kaggle.com/datasets/abdallahalidev/plantvillage-dataset,"orange, citrus",Candidatus Liberibacter asiaticus,
PV_0022_V154,yellow dragon disease,yellow dragon disease,Disease,"Bacterial disease of citrus caused by Candidatus Liberibacter asiaticus, transmitted by Asian citrus psyllid. Causes yellowing, misshapen bitter fruit. No cure exists.",plantvillage,https://www.kaggle.com/datasets/abdallahalidev/plantvillage-dataset,"orange, citrus",Candidatus Liberibacter asiaticus,
PV_0022_V155,citrus HLB,citrus hlb,Disease,"Bacterial disease of citrus caused by Candidatus Liberibacter asiaticus, transmitted by Asian citrus psyllid. Causes yellowing, misshapen bitter fruit. No cure exists.",plantvillage,https://www.kaggle.com/datasets/abdallahalidev/plantvillage-dataset,"orange, citrus",Candidatus Liberibacter asiaticus,
PV_0023,Citrus Haunglongbing,citrus haunglongbing,Disease,"Same as Citrus Greening — Huanglongbing (HLB) is the Chinese name for the bacterial citrus greening disease. Blotchy mottling on leaves; asymmetric, bitter fruits.",plantvillage,https://www.kaggle.com/datasets/abdallahalidev/plantvillage-dataset,"orange, citrus",Candidatus Liberibacter asiaticus,
PV_0023_V157,Huanglongbing,huanglongbing,Disease,"Same as Citrus Greening — Huanglongbing (HLB) is the Chinese name for the bacterial citrus greening disease. Blotchy mottling on leaves; asymmetric, bitter fruits.",plantvillage,https://www.kaggle.com/datasets/abdallahalidev/plantvillage-dataset,"orange, citrus",Candidatus Liberibacter asiaticus,
PV_0023_V158,HLB,hlb,Disease,"Same as Citrus Greening — Huanglongbing (HLB) is the Chinese name for the bacterial citrus greening disease. Blotchy mottling on leaves; asymmetric, bitter fruits.",plantvillage,https://www.kaggle.com/datasets/abdallahalidev/plantvillage-dataset,"orange, citrus",Candidatus Liberibacter asiaticus,
PV_0023_V159,haunglongbing,haunglongbing,Disease,"Same as Citrus Greening — Huanglongbing (HLB) is the Chinese name for the bacterial citrus greening disease. Blotchy mottling on leaves; asymmetric, bitter fruits.",plantvillage,https://www.kaggle.com/datasets/abdallahalidev/plantvillage-dataset,"orange, citrus",Candidatus Liberibacter asiaticus,
PV_0023_V160,HUANGLONGBING,huanglongbing,Disease,"Same as Citrus Greening — Huanglongbing (HLB) is the Chinese name for the bacterial citrus greening disease. Blotchy mottling on leaves; asymmetric, bitter fruits.",plantvillage,https://www.kaggle.com/datasets/abdallahalidev/plantvillage-dataset,"orange, citrus",Candidatus Liberibacter asiaticus,
PV_0023_V161,yellow shoot disease,yellow shoot disease,Disease,"Same as Citrus Greening — Huanglongbing (HLB) is the Chinese name for the bacterial citrus greening disease. Blotchy mottling on leaves; asymmetric, bitter fruits.",plantvillage,https://www.kaggle.com/datasets/abdallahalidev/plantvillage-dataset,"orange, citrus",Candidatus Liberibacter asiaticus,
PV_0024,Strawberry Leaf Scorch,strawberry leaf scorch,Disease,"Fungal disease of strawberry caused by Diplocarpon earlianum. Creates irregular purple to brown spots on upper leaf surfaces, giving a 'scorched' appearance.",plantvillage,https://www.kaggle.com/datasets/abdallahalidev/plantvillage-dataset,strawberry,Diplocarpon earlianum,
PV_0024_V163,Strawberry Leaf Scorch,strawberry leaf scorch,Disease,"Fungal disease of strawberry caused by Diplocarpon earlianum. Creates irregular purple to brown spots on upper leaf surfaces, giving a 'scorched' appearance.",plantvillage,https://www.kaggle.com/datasets/abdallahalidev/plantvillage-dataset,strawberry,Diplocarpon earlianum,
PV_0024_V164,STRAWBERRY LEAF SCORCH,strawberry leaf scorch,Disease,"Fungal disease of strawberry caused by Diplocarpon earlianum. Creates irregular purple to brown spots on upper leaf surfaces, giving a 'scorched' appearance.",plantvillage,https://www.kaggle.com/datasets/abdallahalidev/plantvillage-dataset,strawberry,Diplocarpon earlianum,
PV_0024_V165,leaf scorch of strawberry,leaf scorch of strawberry,Disease,"Fungal disease of strawberry caused by Diplocarpon earlianum. Creates irregular purple to brown spots on upper leaf surfaces, giving a 'scorched' appearance.",plantvillage,https://www.kaggle.com/datasets/abdallahalidev/plantvillage-dataset,strawberry,Diplocarpon earlianum,
PV_0024_V166,strawberry scorch,strawberry scorch,Disease,"Fungal disease of strawberry caused by Diplocarpon earlianum. Creates irregular purple to brown spots on upper leaf surfaces, giving a 'scorched' appearance.",plantvillage,https://www.kaggle.com/datasets/abdallahalidev/plantvillage-dataset,strawberry,Diplocarpon earlianum,
PV_0024_V167,SLS,sls,Disease,"Fungal disease of strawberry caused by Diplocarpon earlianum. Creates irregular purple to brown spots on upper leaf surfaces, giving a 'scorched' appearance.",plantvillage,https://www.kaggle.com/datasets/abdallahalidev/plantvillage-dataset,strawberry,Diplocarpon earlianum,
PV_0025,Peach Bacterial Spot,peach bacterial spot,Disease,"Bacterial disease of peach caused by Xanthomonas arboricola pv. pruni. Causes water-soaked spots on leaves, fruit, and twigs. Causes defoliation in severe cases.",plantvillage,https://www.kaggle.com/datasets/abdallahalidev/plantvillage-dataset,peach,Xanthomonas arboricola pv. pruni,
PV_0025_V169,Peach Bacterial Spot,peach bacterial spot,Disease,"Bacterial disease of peach caused by Xanthomonas arboricola pv. pruni. Causes water-soaked spots on leaves, fruit, and twigs. Causes defoliation in severe cases.",plantvillage,https://www.kaggle.com/datasets/abdallahalidev/plantvillage-dataset,peach,Xanthomonas arboricola pv. pruni,
PV_0025_V170,PEACH BACTERIAL SPOT,peach bacterial spot,Disease,"Bacterial disease of peach caused by Xanthomonas arboricola pv. pruni. Causes water-soaked spots on leaves, fruit, and twigs. Causes defoliation in severe cases.",plantvillage,https://www.kaggle.com/datasets/abdallahalidev/plantvillage-dataset,peach,Xanthomonas arboricola pv. pruni,
PV_0025_V171,bacterial spot of peach,bacterial spot of peach,Disease,"Bacterial disease of peach caused by Xanthomonas arboricola pv. pruni. Causes water-soaked spots on leaves, fruit, and twigs. Causes defoliation in severe cases.",plantvillage,https://www.kaggle.com/datasets/abdallahalidev/plantvillage-dataset,peach,Xanthomonas arboricola pv. pruni,
PV_0025_V172,PBS,pbs,Disease,"Bacterial disease of peach caused by Xanthomonas arboricola pv. pruni. Causes water-soaked spots on leaves, fruit, and twigs. Causes defoliation in severe cases.",plantvillage,https://www.kaggle.com/datasets/abdallahalidev/plantvillage-dataset,peach,Xanthomonas arboricola pv. pruni,
PV_0025_V173,Xanthomonas peach spot,xanthomonas peach spot,Disease,"Bacterial disease of peach caused by Xanthomonas arboricola pv. pruni. Causes water-soaked spots on leaves, fruit, and twigs. Causes defoliation in severe cases.",plantvillage,https://www.kaggle.com/datasets/abdallahalidev/plantvillage-dataset,peach,Xanthomonas arboricola pv. pruni,
PV_0026,Pepper Bacterial Spot,pepper bacterial spot,Disease,"Bacterial disease of pepper caused by Xanthomonas euvesicatoria. Produces water-soaked, irregular spots on leaves and fruit. Favoured by warm rainy weather.",plantvillage,https://www.kaggle.com/datasets/abdallahalidev/plantvillage-dataset,"pepper, bell pepper",Xanthomonas euvesicatoria,
PV_0026_V175,Pepper Bacterial Spot,pepper bacterial spot,Disease,"Bacterial disease of pepper caused by Xanthomonas euvesicatoria. Produces water-soaked, irregular spots on leaves and fruit. Favoured by warm rainy weather.",plantvillage,https://www.kaggle.com/datasets/abdallahalidev/plantvillage-dataset,"pepper, bell pepper",Xanthomonas euvesicatoria,
PV_0026_V176,PEPPER BACTERIAL SPOT,pepper bacterial spot,Disease,"Bacterial disease of pepper caused by Xanthomonas euvesicatoria. Produces water-soaked, irregular spots on leaves and fruit. Favoured by warm rainy weather.",plantvillage,https://www.kaggle.com/datasets/abdallahalidev/plantvillage-dataset,"pepper, bell pepper",Xanthomonas euvesicatoria,
PV_0026_V177,bacterial spot of pepper,bacterial spot of pepper,Disease,"Bacterial disease of pepper caused by Xanthomonas euvesicatoria. Produces water-soaked, irregular spots on leaves and fruit. Favoured by warm rainy weather.",plantvillage,https://www.kaggle.com/datasets/abdallahalidev/plantvillage-dataset,"pepper, bell pepper",Xanthomonas euvesicatoria,
PV_0026_V178,PBS pepper,pbs pepper,Disease,"Bacterial disease of pepper caused by Xanthomonas euvesicatoria. Produces water-soaked, irregular spots on leaves and fruit. Favoured by warm rainy weather.",plantvillage,https://www.kaggle.com/datasets/abdallahalidev/plantvillage-dataset,"pepper, bell pepper",Xanthomonas euvesicatoria,
PV_0027,Cherry Powdery Mildew,cherry powdery mildew,Disease,Fungal disease of cherry caused by Podosphaera clandestina. Forms white powdery patches on young leaves and shoots. Distorts leaf shape.,plantvillage,https://www.kaggle.com/datasets/abdallahalidev/plantvillage-dataset,cherry,Podosphaera clandestina,
PV_0027_V180,Cherry Powdery Mildew,cherry powdery mildew,Disease,Fungal disease of cherry caused by Podosphaera clandestina. Forms white powdery patches on young leaves and shoots. Distorts leaf shape.,plantvillage,https://www.kaggle.com/datasets/abdallahalidev/plantvillage-dataset,cherry,Podosphaera clandestina,
PV_0027_V181,CHERRY POWDERY MILDEW,cherry powdery mildew,Disease,Fungal disease of cherry caused by Podosphaera clandestina. Forms white powdery patches on young leaves and shoots. Distorts leaf shape.,plantvillage,https://www.kaggle.com/datasets/abdallahalidev/plantvillage-dataset,cherry,Podosphaera clandestina,
PV_0027_V182,powdery mildew of cherry,powdery mildew of cherry,Disease,Fungal disease of cherry caused by Podosphaera clandestina. Forms white powdery patches on young leaves and shoots. Distorts leaf shape.,plantvillage,https://www.kaggle.com/datasets/abdallahalidev/plantvillage-dataset,cherry,Podosphaera clandestina,
PV_0027_V183,CPM,cpm,Disease,Fungal disease of cherry caused by Podosphaera clandestina. Forms white powdery patches on young leaves and shoots. Distorts leaf shape.,plantvillage,https://www.kaggle.com/datasets/abdallahalidev/plantvillage-dataset,cherry,Podosphaera clandestina,
PV_0028,Squash Powdery Mildew,squash powdery mildew,Disease,Fungal disease of squash and cucurbits caused by Podosphaera xanthii. White powdery growth on leaves reduces photosynthesis and fruit quality.,plantvillage,https://www.kaggle.com/datasets/abdallahalidev/plantvillage-dataset,"squash, cucumber, pumpkin",Podosphaera xanthii,
PV_0028_V185,Squash Powdery Mildew,squash powdery mildew,Disease,Fungal disease of squash and cucurbits caused by Podosphaera xanthii. White powdery growth on leaves reduces photosynthesis and fruit quality.,plantvillage,https://www.kaggle.com/datasets/abdallahalidev/plantvillage-dataset,"squash, cucumber, pumpkin",Podosphaera xanthii,
PV_0028_V186,SQUASH POWDERY MILDEW,squash powdery mildew,Disease,Fungal disease of squash and cucurbits caused by Podosphaera xanthii. White powdery growth on leaves reduces photosynthesis and fruit quality.,plantvillage,https://www.kaggle.com/datasets/abdallahalidev/plantvillage-dataset,"squash, cucumber, pumpkin",Podosphaera xanthii,
PV_0028_V187,cucurbit powdery mildew,cucurbit powdery mildew,Disease,Fungal disease of squash and cucurbits caused by Podosphaera xanthii. White powdery growth on leaves reduces photosynthesis and fruit quality.,plantvillage,https://www.kaggle.com/datasets/abdallahalidev/plantvillage-dataset,"squash, cucumber, pumpkin",Podosphaera xanthii,
PV_0028_V188,SPM,spm,Disease,Fungal disease of squash and cucurbits caused by Podosphaera xanthii. White powdery growth on leaves reduces photosynthesis and fruit quality.,plantvillage,https://www.kaggle.com/datasets/abdallahalidev/plantvillage-dataset,"squash, cucumber, pumpkin",Podosphaera xanthii,
PV_0028_V189,powdery mildew of squash,powdery mildew of squash,Disease,Fungal disease of squash and cucurbits caused by Podosphaera xanthii. White powdery growth on leaves reduces photosynthesis and fruit quality.,plantvillage,https://www.kaggle.com/datasets/abdallahalidev/plantvillage-dataset,"squash, cucumber, pumpkin",Podosphaera xanthii,
PV_0029,Rice Blast,rice blast,Disease,Fungal disease of rice caused by Magnaporthe oryzae. Most devastating rice disease worldwide. Creates spindle-shaped grey lesions with brown borders. Can destroy entire crops.,plantvillage,https://www.kaggle.com/datasets/abdallahalidev/plantvillage-dataset,rice,Magnaporthe oryzae,
PV_0029_V191,Rice Blast,rice blast,Disease,Fungal disease of rice caused by Magnaporthe oryzae. Most devastating rice disease worldwide. Creates spindle-shaped grey lesions with brown borders. Can destroy entire crops.,plantvillage,https://www.kaggle.com/datasets/abdallahalidev/plantvillage-dataset,rice,Magnaporthe oryzae,
PV_0029_V192,RICE BLAST,rice blast,Disease,Fungal disease of rice caused by Magnaporthe oryzae. Most devastating rice disease worldwide. Creates spindle-shaped grey lesions with brown borders. Can destroy entire crops.,plantvillage,https://www.kaggle.com/datasets/abdallahalidev/plantvillage-dataset,rice,Magnaporthe oryzae,
PV_0029_V193,blast disease of rice,blast disease of rice,Disease,Fungal disease of rice caused by Magnaporthe oryzae. Most devastating rice disease worldwide. Creates spindle-shaped grey lesions with brown borders. Can destroy entire crops.,plantvillage,https://www.kaggle.com/datasets/abdallahalidev/plantvillage-dataset,rice,Magnaporthe oryzae,
PV_0029_V194,RB,rb,Disease,Fungal disease of rice caused by Magnaporthe oryzae. Most devastating rice disease worldwide. Creates spindle-shaped grey lesions with brown borders. Can destroy entire crops.,plantvillage,https://www.kaggle.com/datasets/abdallahalidev/plantvillage-dataset,rice,Magnaporthe oryzae,
PV_0029_V195,rice blast disease,rice blast disease,Disease,Fungal disease of rice caused by Magnaporthe oryzae. Most devastating rice disease worldwide. Creates spindle-shaped grey lesions with brown borders. Can destroy entire crops.,plantvillage,https://www.kaggle.com/datasets/abdallahalidev/plantvillage-dataset,rice,Magnaporthe oryzae,
PV_0029_V196,Pyricularia blast,pyricularia blast,Disease,Fungal disease of rice caused by Magnaporthe oryzae. Most devastating rice disease worldwide. Creates spindle-shaped grey lesions with brown borders. Can destroy entire crops.,plantvillage,https://www.kaggle.com/datasets/abdallahalidev/plantvillage-dataset,rice,Magnaporthe oryzae,
PV_0029_V197,neck rot,neck rot,Disease,Fungal disease of rice caused by Magnaporthe oryzae. Most devastating rice disease worldwide. Creates spindle-shaped grey lesions with brown borders. Can destroy entire crops.,plantvillage,https://www.kaggle.com/datasets/abdallahalidev/plantvillage-dataset,rice,Magnaporthe oryzae,
PV_0030,Rice Brown Spot,rice brown spot,Disease,Fungal disease of rice caused by Cochliobolus miyabeanus. Creates brown oval lesions on leaves. Associated with poor soil nutrition.,plantvillage,https://www.kaggle.com/datasets/abdallahalidev/plantvillage-dataset,rice,Cochliobolus miyabeanus,
PV_0030_V199,Rice Brown Spot,rice brown spot,Disease,Fungal disease of rice caused by Cochliobolus miyabeanus. Creates brown oval lesions on leaves. Associated with poor soil nutrition.,plantvillage,https://www.kaggle.com/datasets/abdallahalidev/plantvillage-dataset,rice,Cochliobolus miyabeanus,
PV_0030_V200,RICE BROWN SPOT,rice brown spot,Disease,Fungal disease of rice caused by Cochliobolus miyabeanus. Creates brown oval lesions on leaves. Associated with poor soil nutrition.,plantvillage,https://www.kaggle.com/datasets/abdallahalidev/plantvillage-dataset,rice,Cochliobolus miyabeanus,
PV_0030_V201,brown spot of rice,brown spot of rice,Disease,Fungal disease of rice caused by Cochliobolus miyabeanus. Creates brown oval lesions on leaves. Associated with poor soil nutrition.,plantvillage,https://www.kaggle.com/datasets/abdallahalidev/plantvillage-dataset,rice,Cochliobolus miyabeanus,
PV_0030_V202,Helminthosporium leaf spot,helminthosporium leaf spot,Disease,Fungal disease of rice caused by Cochliobolus miyabeanus. Creates brown oval lesions on leaves. Associated with poor soil nutrition.,plantvillage,https://www.kaggle.com/datasets/abdallahalidev/plantvillage-dataset,rice,Cochliobolus miyabeanus,
PV_0030_V203,RBS,rbs,Disease,Fungal disease of rice caused by Cochliobolus miyabeanus. Creates brown oval lesions on leaves. Associated with poor soil nutrition.,plantvillage,https://www.kaggle.com/datasets/abdallahalidev/plantvillage-dataset,rice,Cochliobolus miyabeanus,
PV_0031,Rice Bacterial Blight,rice bacterial blight,Disease,"Bacterial disease of rice caused by Xanthomonas oryzae pv. oryzae. One of the most serious rice diseases. Causes wilting and yellowing of leaves, starting from leaf tips.",plantvillage,https://www.kaggle.com/datasets/abdallahalidev/plantvillage-dataset,rice,Xanthomonas oryzae pv. oryzae,
PV_0031_V205,Rice Bacterial Blight,rice bacterial blight,Disease,"Bacterial disease of rice caused by Xanthomonas oryzae pv. oryzae. One of the most serious rice diseases. Causes wilting and yellowing of leaves, starting from leaf tips.",plantvillage,https://www.kaggle.com/datasets/abdallahalidev/plantvillage-dataset,rice,Xanthomonas oryzae pv. oryzae,
PV_0031_V206,RICE BACTERIAL BLIGHT,rice bacterial blight,Disease,"Bacterial disease of rice caused by Xanthomonas oryzae pv. oryzae. One of the most serious rice diseases. Causes wilting and yellowing of leaves, starting from leaf tips.",plantvillage,https://www.kaggle.com/datasets/abdallahalidev/plantvillage-dataset,rice,Xanthomonas oryzae pv. oryzae,
PV_0031_V207,bacterial leaf blight of rice,bacterial leaf blight of rice,Disease,"Bacterial disease of rice caused by Xanthomonas oryzae pv. oryzae. One of the most serious rice diseases. Causes wilting and yellowing of leaves, starting from leaf tips.",plantvillage,https://www.kaggle.com/datasets/abdallahalidev/plantvillage-dataset,rice,Xanthomonas oryzae pv. oryzae,
PV_0031_V208,BLB,blb,Disease,"Bacterial disease of rice caused by Xanthomonas oryzae pv. oryzae. One of the most serious rice diseases. Causes wilting and yellowing of leaves, starting from leaf tips.",plantvillage,https://www.kaggle.com/datasets/abdallahalidev/plantvillage-dataset,rice,Xanthomonas oryzae pv. oryzae,
PV_0031_V209,rice blight,rice blight,Disease,"Bacterial disease of rice caused by Xanthomonas oryzae pv. oryzae. One of the most serious rice diseases. Causes wilting and yellowing of leaves, starting from leaf tips.",plantvillage,https://www.kaggle.com/datasets/abdallahalidev/plantvillage-dataset,rice,Xanthomonas oryzae pv. oryzae,
PV_0031_V210,Xoo blight,xoo blight,Disease,"Bacterial disease of rice caused by Xanthomonas oryzae pv. oryzae. One of the most serious rice diseases. Causes wilting and yellowing of leaves, starting from leaf tips.",plantvillage,https://www.kaggle.com/datasets/abdallahalidev/plantvillage-dataset,rice,Xanthomonas oryzae pv. oryzae,
PV_0032,Wheat Stripe Rust,wheat stripe rust,Disease,Fungal disease of wheat caused by Puccinia striiformis f. sp. tritici. Produces yellow-orange stripe-like pustules along leaf veins. A major global wheat threat.,plantvillage,https://www.kaggle.com/datasets/abdallahalidev/plantvillage-dataset,wheat,Puccinia striiformis f. sp. tritici,
PV_0032_V212,Wheat Stripe Rust,wheat stripe rust,Disease,Fungal disease of wheat caused by Puccinia striiformis f. sp. tritici. Produces yellow-orange stripe-like pustules along leaf veins. A major global wheat threat.,plantvillage,https://www.kaggle.com/datasets/abdallahalidev/plantvillage-dataset,wheat,Puccinia striiformis f. sp. tritici,
PV_0032_V213,STRIPE RUST,stripe rust,Disease,Fungal disease of wheat caused by Puccinia striiformis f. sp. tritici. Produces yellow-orange stripe-like pustules along leaf veins. A major global wheat threat.,plantvillage,https://www.kaggle.com/datasets/abdallahalidev/plantvillage-dataset,wheat,Puccinia striiformis f. sp. tritici,
PV_0032_V214,yellow rust of wheat,yellow rust of wheat,Disease,Fungal disease of wheat caused by Puccinia striiformis f. sp. tritici. Produces yellow-orange stripe-like pustules along leaf veins. A major global wheat threat.,plantvillage,https://www.kaggle.com/datasets/abdallahalidev/plantvillage-dataset,wheat,Puccinia striiformis f. sp. tritici,
PV_0032_V215,YR,yr,Disease,Fungal disease of wheat caused by Puccinia striiformis f. sp. tritici. Produces yellow-orange stripe-like pustules along leaf veins. A major global wheat threat.,plantvillage,https://www.kaggle.com/datasets/abdallahalidev/plantvillage-dataset,wheat,Puccinia striiformis f. sp. tritici,
PV_0032_V216,stripe rust,stripe rust,Disease,Fungal disease of wheat caused by Puccinia striiformis f. sp. tritici. Produces yellow-orange stripe-like pustules along leaf veins. A major global wheat threat.,plantvillage,https://www.kaggle.com/datasets/abdallahalidev/plantvillage-dataset,wheat,Puccinia striiformis f. sp. tritici,
PV_0032_V217,Pst,pst,Disease,Fungal disease of wheat caused by Puccinia striiformis f. sp. tritici. Produces yellow-orange stripe-like pustules along leaf veins. A major global wheat threat.,plantvillage,https://www.kaggle.com/datasets/abdallahalidev/plantvillage-dataset,wheat,Puccinia striiformis f. sp. tritici,
PV_0032_V218,wheat yellow rust,wheat yellow rust,Disease,Fungal disease of wheat caused by Puccinia striiformis f. sp. tritici. Produces yellow-orange stripe-like pustules along leaf veins. A major global wheat threat.,plantvillage,https://www.kaggle.com/datasets/abdallahalidev/plantvillage-dataset,wheat,Puccinia striiformis f. sp. tritici,
PV_0033,Wheat Leaf Rust,wheat leaf rust,Disease,Fungal disease of wheat caused by Puccinia triticina. Creates orange-brown circular pustules scattered on leaf surface. The most common wheat rust worldwide.,plantvillage,https://www.kaggle.com/datasets/abdallahalidev/plantvillage-dataset,wheat,Puccinia triticina,
PV_0033_V220,Wheat Leaf Rust,wheat leaf rust,Disease,Fungal disease of wheat caused by Puccinia triticina. Creates orange-brown circular pustules scattered on leaf surface. The most common wheat rust worldwide.,plantvillage,https://www.kaggle.com/datasets/abdallahalidev/plantvillage-dataset,wheat,Puccinia triticina,
PV_0033_V221,LEAF RUST,leaf rust,Disease,Fungal disease of wheat caused by Puccinia triticina. Creates orange-brown circular pustules scattered on leaf surface. The most common wheat rust worldwide.,plantvillage,https://www.kaggle.com/datasets/abdallahalidev/plantvillage-dataset,wheat,Puccinia triticina,
PV_0033_V222,brown rust of wheat,brown rust of wheat,Disease,Fungal disease of wheat caused by Puccinia triticina. Creates orange-brown circular pustules scattered on leaf surface. The most common wheat rust worldwide.,plantvillage,https://www.kaggle.com/datasets/abdallahalidev/plantvillage-dataset,wheat,Puccinia triticina,
PV_0033_V223,LR,lr,Disease,Fungal disease of wheat caused by Puccinia triticina. Creates orange-brown circular pustules scattered on leaf surface. The most common wheat rust worldwide.,plantvillage,https://www.kaggle.com/datasets/abdallahalidev/plantvillage-dataset,wheat,Puccinia triticina,
PV_0033_V224,leaf rust,leaf rust,Disease,Fungal disease of wheat caused by Puccinia triticina. Creates orange-brown circular pustules scattered on leaf surface. The most common wheat rust worldwide.,plantvillage,https://www.kaggle.com/datasets/abdallahalidev/plantvillage-dataset,wheat,Puccinia triticina,
PV_0033_V225,Pt,pt,Disease,Fungal disease of wheat caused by Puccinia triticina. Creates orange-brown circular pustules scattered on leaf surface. The most common wheat rust worldwide.,plantvillage,https://www.kaggle.com/datasets/abdallahalidev/plantvillage-dataset,wheat,Puccinia triticina,
PV_0033_V226,wheat brown rust,wheat brown rust,Disease,Fungal disease of wheat caused by Puccinia triticina. Creates orange-brown circular pustules scattered on leaf surface. The most common wheat rust worldwide.,plantvillage,https://www.kaggle.com/datasets/abdallahalidev/plantvillage-dataset,wheat,Puccinia triticina,
PV_0034,Wheat Powdery Mildew,wheat powdery mildew,Disease,"Fungal disease of wheat caused by Blumeria graminis f. sp. tritici. White powdery colonies on leaves reduce photosynthesis. Favoured by cool, humid weather.",plantvillage,https://www.kaggle.com/datasets/abdallahalidev/plantvillage-dataset,wheat,Blumeria graminis f. sp. tritici,
PV_0034_V228,Wheat Powdery Mildew,wheat powdery mildew,Disease,"Fungal disease of wheat caused by Blumeria graminis f. sp. tritici. White powdery colonies on leaves reduce photosynthesis. Favoured by cool, humid weather.",plantvillage,https://www.kaggle.com/datasets/abdallahalidev/plantvillage-dataset,wheat,Blumeria graminis f. sp. tritici,
PV_0034_V229,WHEAT POWDERY MILDEW,wheat powdery mildew,Disease,"Fungal disease of wheat caused by Blumeria graminis f. sp. tritici. White powdery colonies on leaves reduce photosynthesis. Favoured by cool, humid weather.",plantvillage,https://www.kaggle.com/datasets/abdallahalidev/plantvillage-dataset,wheat,Blumeria graminis f. sp. tritici,
PV_0034_V230,powdery mildew of wheat,powdery mildew of wheat,Disease,"Fungal disease of wheat caused by Blumeria graminis f. sp. tritici. White powdery colonies on leaves reduce photosynthesis. Favoured by cool, humid weather.",plantvillage,https://www.kaggle.com/datasets/abdallahalidev/plantvillage-dataset,wheat,Blumeria graminis f. sp. tritici,
PV_0034_V231,WPM,wpm,Disease,"Fungal disease of wheat caused by Blumeria graminis f. sp. tritici. White powdery colonies on leaves reduce photosynthesis. Favoured by cool, humid weather.",plantvillage,https://www.kaggle.com/datasets/abdallahalidev/plantvillage-dataset,wheat,Blumeria graminis f. sp. tritici,
PV_0034_V232,cereal powdery mildew,cereal powdery mildew,Disease,"Fungal disease of wheat caused by Blumeria graminis f. sp. tritici. White powdery colonies on leaves reduce photosynthesis. Favoured by cool, humid weather.",plantvillage,https://www.kaggle.com/datasets/abdallahalidev/plantvillage-dataset,wheat,Blumeria graminis f. sp. tritici,
PV_0035,Wheat Fusarium Head Blight,wheat fusarium head blight,Disease,Fungal disease of wheat caused by Fusarium graminearum. Causes premature bleaching of wheat heads and contaminates grain with mycotoxins (deoxynivalenol).,plantvillage,https://www.kaggle.com/datasets/abdallahalidev/plantvillage-dataset,wheat,Fusarium graminearum,
PV_0035_V234,Wheat Fusarium Head Blight,wheat fusarium head blight,Disease,Fungal disease of wheat caused by Fusarium graminearum. Causes premature bleaching of wheat heads and contaminates grain with mycotoxins (deoxynivalenol).,plantvillage,https://www.kaggle.com/datasets/abdallahalidev/plantvillage-dataset,wheat,Fusarium graminearum,
PV_0035_V235,FHB,fhb,Disease,Fungal disease of wheat caused by Fusarium graminearum. Causes premature bleaching of wheat heads and contaminates grain with mycotoxins (deoxynivalenol).,plantvillage,https://www.kaggle.com/datasets/abdallahalidev/plantvillage-dataset,wheat,Fusarium graminearum,
PV_0035_V236,head scab,head scab,Disease,Fungal disease of wheat caused by Fusarium graminearum. Causes premature bleaching of wheat heads and contaminates grain with mycotoxins (deoxynivalenol).,plantvillage,https://www.kaggle.com/datasets/abdallahalidev/plantvillage-dataset,wheat,Fusarium graminearum,
PV_0035_V237,Fusarium scab,fusarium scab,Disease,Fungal disease of wheat caused by Fusarium graminearum. Causes premature bleaching of wheat heads and contaminates grain with mycotoxins (deoxynivalenol).,plantvillage,https://www.kaggle.com/datasets/abdallahalidev/plantvillage-dataset,wheat,Fusarium graminearum,
PV_0035_V238,scab of wheat,scab of wheat,Disease,Fungal disease of wheat caused by Fusarium graminearum. Causes premature bleaching of wheat heads and contaminates grain with mycotoxins (deoxynivalenol).,plantvillage,https://www.kaggle.com/datasets/abdallahalidev/plantvillage-dataset,wheat,Fusarium graminearum,
PV_0035_V239,head blight,head blight,Disease,Fungal disease of wheat caused by Fusarium graminearum. Causes premature bleaching of wheat heads and contaminates grain with mycotoxins (deoxynivalenol).,plantvillage,https://www.kaggle.com/datasets/abdallahalidev/plantvillage-dataset,wheat,Fusarium graminearum,
PV_0036,Soybean Rust,soybean rust,Disease,Fungal disease of soybean caused by Phakopsora pachyrhizi. Spreads rapidly in warm humid conditions causing defoliation and yield loss up to 80%.,plantvillage,https://www.kaggle.com/datasets/abdallahalidev/plantvillage-dataset,soybean,Phakopsora pachyrhizi,
PV_0036_V241,Soybean Rust,soybean rust,Disease,Fungal disease of soybean caused by Phakopsora pachyrhizi. Spreads rapidly in warm humid conditions causing defoliation and yield loss up to 80%.,plantvillage,https://www.kaggle.com/datasets/abdallahalidev/plantvillage-dataset,soybean,Phakopsora pachyrhizi,
PV_0036_V242,SOYBEAN RUST,soybean rust,Disease,Fungal disease of soybean caused by Phakopsora pachyrhizi. Spreads rapidly in warm humid conditions causing defoliation and yield loss up to 80%.,plantvillage,https://www.kaggle.com/datasets/abdallahalidev/plantvillage-dataset,soybean,Phakopsora pachyrhizi,
PV_0036_V243,Asian soybean rust,asian soybean rust,Disease,Fungal disease of soybean caused by Phakopsora pachyrhizi. Spreads rapidly in warm humid conditions causing defoliation and yield loss up to 80%.,plantvillage,https://www.kaggle.com/datasets/abdallahalidev/plantvillage-dataset,soybean,Phakopsora pachyrhizi,
PV_0036_V244,ASR,asr,Disease,Fungal disease of soybean caused by Phakopsora pachyrhizi. Spreads rapidly in warm humid conditions causing defoliation and yield loss up to 80%.,plantvillage,https://www.kaggle.com/datasets/abdallahalidev/plantvillage-dataset,soybean,Phakopsora pachyrhizi,
PV_0036_V245,soya rust,soya rust,Disease,Fungal disease of soybean caused by Phakopsora pachyrhizi. Spreads rapidly in warm humid conditions causing defoliation and yield loss up to 80%.,plantvillage,https://www.kaggle.com/datasets/abdallahalidev/plantvillage-dataset,soybean,Phakopsora pachyrhizi,
PV_0036_V246,SBR,sbr,Disease,Fungal disease of soybean caused by Phakopsora pachyrhizi. Spreads rapidly in warm humid conditions causing defoliation and yield loss up to 80%.,plantvillage,https://www.kaggle.com/datasets/abdallahalidev/plantvillage-dataset,soybean,Phakopsora pachyrhizi,
PV_0037,Soybean Sudden Death Syndrome,soybean sudden death syndrome,Disease,Fungal disease caused by Fusarium virguliforme. Infects roots early in season but foliar symptoms appear at reproductive stage: interveinal chlorosis and necrosis.,plantvillage,https://www.kaggle.com/datasets/abdallahalidev/plantvillage-dataset,soybean,Fusarium virguliforme,
PV_0037_V248,Sudden Death Syndrome,sudden death syndrome,Disease,Fungal disease caused by Fusarium virguliforme. Infects roots early in season but foliar symptoms appear at reproductive stage: interveinal chlorosis and necrosis.,plantvillage,https://www.kaggle.com/datasets/abdallahalidev/plantvillage-dataset,soybean,Fusarium virguliforme,
PV_0037_V249,SDS,sds,Disease,Fungal disease caused by Fusarium virguliforme. Infects roots early in season but foliar symptoms appear at reproductive stage: interveinal chlorosis and necrosis.,plantvillage,https://www.kaggle.com/datasets/abdallahalidev/plantvillage-dataset,soybean,Fusarium virguliforme,
PV_0037_V250,soybean SDS,soybean sds,Disease,Fungal disease caused by Fusarium virguliforme. Infects roots early in season but foliar symptoms appear at reproductive stage: interveinal chlorosis and necrosis.,plantvillage,https://www.kaggle.com/datasets/abdallahalidev/plantvillage-dataset,soybean,Fusarium virguliforme,
PV_0037_V251,Fusarium sudden death,fusarium sudden death,Disease,Fungal disease caused by Fusarium virguliforme. Infects roots early in season but foliar symptoms appear at reproductive stage: interveinal chlorosis and necrosis.,plantvillage,https://www.kaggle.com/datasets/abdallahalidev/plantvillage-dataset,soybean,Fusarium virguliforme,
PV_0037_V252,soybean sudden death,soybean sudden death,Disease,Fungal disease caused by Fusarium virguliforme. Infects roots early in season but foliar symptoms appear at reproductive stage: interveinal chlorosis and necrosis.,plantvillage,https://www.kaggle.com/datasets/abdallahalidev/plantvillage-dataset,soybean,Fusarium virguliforme,
PV_0038,Banana Fusarium Wilt,banana fusarium wilt,Disease,Fungal disease of banana caused by Fusarium oxysporum f. sp. cubense. Also called Panama disease. Blocks water transport causing yellowing and wilting. Threatens global banana supply.,plantvillage,https://www.kaggle.com/datasets/abdallahalidev/plantvillage-dataset,banana,Fusarium oxysporum f. sp. cubense,
PV_0038_V254,Banana Fusarium Wilt,banana fusarium wilt,Disease,Fungal disease of banana caused by Fusarium oxysporum f. sp. cubense. Also called Panama disease. Blocks water transport causing yellowing and wilting. Threatens global banana supply.,plantvillage,https://www.kaggle.com/datasets/abdallahalidev/plantvillage-dataset,banana,Fusarium oxysporum f. sp. cubense,
PV_0038_V255,Panama disease,panama disease,Disease,Fungal disease of banana caused by Fusarium oxysporum f. sp. cubense. Also called Panama disease. Blocks water transport causing yellowing and wilting. Threatens global banana supply.,plantvillage,https://www.kaggle.com/datasets/abdallahalidev/plantvillage-dataset,banana,Fusarium oxysporum f. sp. cubense,
PV_0038_V256,BANANA WILT,banana wilt,Disease,Fungal disease of banana caused by Fusarium oxysporum f. sp. cubense. Also called Panama disease. Blocks water transport causing yellowing and wilting. Threatens global banana supply.,plantvillage,https://www.kaggle.com/datasets/abdallahalidev/plantvillage-dataset,banana,Fusarium oxysporum f. sp. cubense,
PV_0038_V257,Fusarium wilt of banana,fusarium wilt of banana,Disease,Fungal disease of banana caused by Fusarium oxysporum f. sp. cubense. Also called Panama disease. Blocks water transport causing yellowing and wilting. Threatens global banana supply.,plantvillage,https://www.kaggle.com/datasets/abdallahalidev/plantvillage-dataset,banana,Fusarium oxysporum f. sp. cubense,
PV_0038_V258,Foc,foc,Disease,Fungal disease of banana caused by Fusarium oxysporum f. sp. cubense. Also called Panama disease. Blocks water transport causing yellowing and wilting. Threatens global banana supply.,plantvillage,https://www.kaggle.com/datasets/abdallahalidev/plantvillage-dataset,banana,Fusarium oxysporum f. sp. cubense,
PV_0038_V259,TR4,tr4,Disease,Fungal disease of banana caused by Fusarium oxysporum f. sp. cubense. Also called Panama disease. Blocks water transport causing yellowing and wilting. Threatens global banana supply.,plantvillage,https://www.kaggle.com/datasets/abdallahalidev/plantvillage-dataset,banana,Fusarium oxysporum f. sp. cubense,
PV_0038_V260,banana panama disease,banana panama disease,Disease,Fungal disease of banana caused by Fusarium oxysporum f. sp. cubense. Also called Panama disease. Blocks water transport causing yellowing and wilting. Threatens global banana supply.,plantvillage,https://www.kaggle.com/datasets/abdallahalidev/plantvillage-dataset,banana,Fusarium oxysporum f. sp. cubense,
PV_0039,Banana Black Sigatoka,banana black sigatoka,Disease,Fungal disease of banana caused by Mycosphaerella fijiensis. Creates dark streaks on leaves progressing to large black necrotic lesions. Reduces yield by up to 50%.,plantvillage,https://www.kaggle.com/datasets/abdallahalidev/plantvillage-dataset,banana,Mycosphaerella fijiensis,
PV_0039_V262,Black Sigatoka,black sigatoka,Disease,Fungal disease of banana caused by Mycosphaerella fijiensis. Creates dark streaks on leaves progressing to large black necrotic lesions. Reduces yield by up to 50%.,plantvillage,https://www.kaggle.com/datasets/abdallahalidev/plantvillage-dataset,banana,Mycosphaerella fijiensis,
PV_0039_V263,BLACK SIGATOKA,black sigatoka,Disease,Fungal disease of banana caused by Mycosphaerella fijiensis. Creates dark streaks on leaves progressing to large black necrotic lesions. Reduces yield by up to 50%.,plantvillage,https://www.kaggle.com/datasets/abdallahalidev/plantvillage-dataset,banana,Mycosphaerella fijiensis,
PV_0039_V264,black leaf streak disease,black leaf streak disease,Disease,Fungal disease of banana caused by Mycosphaerella fijiensis. Creates dark streaks on leaves progressing to large black necrotic lesions. Reduces yield by up to 50%.,plantvillage,https://www.kaggle.com/datasets/abdallahalidev/plantvillage-dataset,banana,Mycosphaerella fijiensis,
PV_0039_V265,BLSD,blsd,Disease,Fungal disease of banana caused by Mycosphaerella fijiensis. Creates dark streaks on leaves progressing to large black necrotic lesions. Reduces yield by up to 50%.,plantvillage,https://www.kaggle.com/datasets/abdallahalidev/plantvillage-dataset,banana,Mycosphaerella fijiensis,
PV_0039_V266,Sigatoka disease,sigatoka disease,Disease,Fungal disease of banana caused by Mycosphaerella fijiensis. Creates dark streaks on leaves progressing to large black necrotic lesions. Reduces yield by up to 50%.,plantvillage,https://www.kaggle.com/datasets/abdallahalidev/plantvillage-dataset,banana,Mycosphaerella fijiensis,
PV_0039_V267,Mycosphaerella leaf spot,mycosphaerella leaf spot,Disease,Fungal disease of banana caused by Mycosphaerella fijiensis. Creates dark streaks on leaves progressing to large black necrotic lesions. Reduces yield by up to 50%.,plantvillage,https://www.kaggle.com/datasets/abdallahalidev/plantvillage-dataset,banana,Mycosphaerella fijiensis,
PV_0040,Coffee Leaf Rust,coffee leaf rust,Disease,Fungal disease of coffee caused by Hemileia vastatrix. Orange-yellow powdery pustules on lower leaf surface. Historically devastating — destroyed Sri Lanka's coffee industry in the 1870s.,plantvillage,https://www.kaggle.com/datasets/abdallahalidev/plantvillage-dataset,coffee,Hemileia vastatrix,
PV_0040_V269,Coffee Leaf Rust,coffee leaf rust,Disease,Fungal disease of coffee caused by Hemileia vastatrix. Orange-yellow powdery pustules on lower leaf surface. Historically devastating — destroyed Sri Lanka's coffee industry in the 1870s.,plantvillage,https://www.kaggle.com/datasets/abdallahalidev/plantvillage-dataset,coffee,Hemileia vastatrix,
PV_0040_V270,COFFEE RUST,coffee rust,Disease,Fungal disease of coffee caused by Hemileia vastatrix. Orange-yellow powdery pustules on lower leaf surface. Historically devastating — destroyed Sri Lanka's coffee industry in the 1870s.,plantvillage,https://www.kaggle.com/datasets/abdallahalidev/plantvillage-dataset,coffee,Hemileia vastatrix,
PV_0040_V271,coffee rust,coffee rust,Disease,Fungal disease of coffee caused by Hemileia vastatrix. Orange-yellow powdery pustules on lower leaf surface. Historically devastating — destroyed Sri Lanka's coffee industry in the 1870s.,plantvillage,https://www.kaggle.com/datasets/abdallahalidev/plantvillage-dataset,coffee,Hemileia vastatrix,
PV_0040_V272,CLR,clr,Disease,Fungal disease of coffee caused by Hemileia vastatrix. Orange-yellow powdery pustules on lower leaf surface. Historically devastating — destroyed Sri Lanka's coffee industry in the 1870s.,plantvillage,https://www.kaggle.com/datasets/abdallahalidev/plantvillage-dataset,coffee,Hemileia vastatrix,
PV_0040_V273,Hemileia rust,hemileia rust,Disease,Fungal disease of coffee caused by Hemileia vastatrix. Orange-yellow powdery pustules on lower leaf surface. Historically devastating — destroyed Sri Lanka's coffee industry in the 1870s.,plantvillage,https://www.kaggle.com/datasets/abdallahalidev/plantvillage-dataset,coffee,Hemileia vastatrix,
PV_0040_V274,roya del cafeto,roya del cafeto,Disease,Fungal disease of coffee caused by Hemileia vastatrix. Orange-yellow powdery pustules on lower leaf surface. Historically devastating — destroyed Sri Lanka's coffee industry in the 1870s.,plantvillage,https://www.kaggle.com/datasets/abdallahalidev/plantvillage-dataset,coffee,Hemileia vastatrix,
